,LoanAmount,Loan_Amount_Term,Credit_History,LoanAmountLog,TotalIncome,Ratio,Male,Married Yes,1,2,3+,Self-Employed Yes,Not Graduate,Semiurban,Urban,LoanStatus Yes
0,130.0,360.0,1.0,4.867534450455582,5849.0,0.022226021542143957,1,0,0,0,0,0,0,0,1,1
1,128.0,360.0,1.0,4.852030263919617,6091.0,0.0210146117222131,1,1,1,0,0,0,0,0,0,0
2,66.0,360.0,1.0,4.189654742026425,3000.0,0.022,1,1,0,0,0,1,0,0,1,1
3,120.0,360.0,1.0,4.787491742782046,4941.0,0.024286581663630843,1,1,0,0,0,0,1,0,1,1
4,141.0,360.0,1.0,4.948759890378168,6000.0,0.0235,1,0,0,0,0,0,0,0,1,1
5,267.0,360.0,1.0,5.58724865840025,9613.0,0.027774888172266723,1,1,0,1,0,1,0,0,1,1
6,95.0,360.0,1.0,4.553876891600541,3849.0,0.024681735515718367,1,1,0,0,0,0,1,0,1,1
7,158.0,360.0,0.0,5.062595033026967,5540.0,0.02851985559566787,1,1,0,0,1,0,0,1,0,0
8,168.0,360.0,1.0,5.123963979403259,5532.0,0.03036876355748373,1,1,0,1,0,0,0,0,1,1
9,349.0,360.0,1.0,5.855071922202427,23809.0,0.014658322483094628,1,1,1,0,0,0,0,1,0,0
10,70.0,360.0,1.0,4.248495242049359,3900.0,0.017948717948717947,1,1,0,1,0,0,0,0,1,1
11,109.0,360.0,1.0,4.6913478822291435,4340.0,0.02511520737327189,1,1,0,1,0,0,0,0,1,1
12,200.0,360.0,1.0,5.298317366548036,11179.0,0.01789068789694964,1,1,0,1,0,0,0,0,1,1
13,114.0,360.0,1.0,4.736198448394496,4693.0,0.024291497975708502,1,0,0,0,0,0,0,0,0,0
14,17.0,120.0,1.0,2.833213344056216,2385.0,0.007127882599580713,1,1,0,1,0,0,0,0,1,1
15,125.0,360.0,1.0,4.8283137373023015,4950.0,0.025252525252525252,1,0,0,0,0,0,0,0,1,1
16,100.0,240.0,1.0,4.605170185988092,3596.0,0.027808676307007785,1,0,1,0,0,0,1,0,1,1
17,76.0,360.0,0.0,4.330733340286331,3510.0,0.021652421652421653,0,0,0,0,0,0,0,0,1,0
18,133.0,360.0,1.0,4.890349128221754,4887.0,0.027215060364231634,1,1,0,0,0,0,1,0,0,0
19,115.0,360.0,1.0,4.74493212836325,6100.0,0.018852459016393444,1,1,0,0,0,0,0,0,1,1
20,104.0,360.0,0.0,4.6443908991413725,7660.0,0.013577023498694517,1,1,0,0,0,0,1,0,1,0
21,315.0,360.0,1.0,5.752572638825633,11580.0,0.027202072538860103,1,1,1,0,0,0,0,0,1,1
22,116.0,360.0,0.0,4.7535901911063645,4511.0,0.025714919086677012,1,1,0,0,0,0,1,1,0,0
23,112.0,360.0,0.0,4.718498871295094,5282.0,0.021204089360090876,1,1,0,1,0,0,1,0,0,0
24,151.0,360.0,1.0,5.017279836814924,6642.0,0.02273411623005119,1,1,1,0,0,0,0,1,0,0
25,191.0,360.0,1.0,5.25227342804663,9560.0,0.01997907949790795,1,1,0,0,0,1,0,1,0,1
26,122.0,360.0,1.0,4.804021044733257,5052.0,0.02414885193982581,1,1,0,0,0,0,0,1,0,1
27,110.0,360.0,1.0,4.700480365792417,5266.0,0.020888720091150777,1,1,0,1,0,0,1,0,1,1
28,35.0,360.0,1.0,3.5553480614894135,1442.0,0.024271844660194174,1,0,0,0,0,0,1,0,1,0
29,120.0,360.0,1.0,4.787491742782046,5833.0,0.020572604148808505,0,0,0,1,0,0,0,1,0,1
30,201.0,360.0,1.0,5.303304908059076,7535.0,0.026675514266755143,1,1,1,0,0,0,0,0,1,0
31,74.0,360.0,1.0,4.30406509320417,3167.0,0.023365961477739186,1,0,0,0,0,0,0,0,1,0
32,106.0,360.0,1.0,4.663439094112067,4692.0,0.022591645353793693,1,0,1,0,0,1,0,0,0,0
33,114.0,360.0,1.0,4.736198448394496,5167.0,0.022063092703696534,1,1,0,0,0,0,0,1,0,1
34,320.0,360.0,1.0,5.768320995793772,15500.0,0.02064516129032258,1,0,0,0,1,0,0,0,0,0
35,130.0,360.0,1.0,4.867534450455582,4342.0,0.029940119760479042,1,1,0,0,0,0,0,0,1,1
36,100.0,360.0,0.0,4.605170185988092,3158.0,0.031665611146295125,1,1,0,0,0,0,0,0,1,0
37,144.0,360.0,1.0,4.969813299576001,5126.0,0.02809207959422552,0,1,0,0,0,0,0,1,0,1
38,184.0,360.0,1.0,5.214935757608986,11376.0,0.01617440225035162,1,0,0,0,0,0,0,0,1,1
39,110.0,360.0,1.0,4.700480365792417,5416.0,0.02031019202363368,1,0,0,0,0,0,1,1,0,1
40,80.0,360.0,1.0,4.382026634673881,3600.0,0.022222222222222223,1,0,0,0,0,0,0,0,1,0
41,47.0,360.0,1.0,3.8501476017100584,3013.0,0.015599070693660804,1,0,0,0,0,0,0,0,1,1
42,75.0,360.0,1.0,4.31748811353631,2400.0,0.03125,1,1,0,0,0,0,0,0,1,1
43,134.0,360.0,1.0,4.897839799950911,6277.0,0.021347777600764697,1,1,0,0,0,0,0,1,0,1
44,96.0,360.0,1.0,4.564348191467836,4695.0,0.020447284345047924,1,1,0,0,0,1,1,0,1,1
45,88.0,360.0,1.0,4.477336814478207,3410.0,0.025806451612903226,0,0,0,0,0,0,0,0,1,1
46,44.0,360.0,1.0,3.784189633918261,5649.0,0.007788989201628607,1,1,1,0,0,0,0,0,1,1
47,144.0,360.0,1.0,4.969813299576001,5821.0,0.02473801752276241,1,1,0,0,0,0,0,0,1,1
48,120.0,360.0,0.0,4.787491742782046,6085.0,0.01972062448644207,0,1,0,0,0,0,0,0,1,0
49,144.0,360.0,1.0,4.969813299576001,6275.0,0.022948207171314742,0,0,0,0,0,0,0,1,0,1
50,100.0,360.0,1.0,4.605170185988092,3572.0,0.027995520716685332,0,1,0,0,0,0,1,1,0,1
51,120.0,360.0,1.0,4.787491742782046,3086.0,0.03888528839922229,0,0,0,0,0,0,0,1,0,1
52,112.0,360.0,1.0,4.718498871295094,4230.0,0.026477541371158392,0,0,0,0,0,0,0,1,0,0
53,134.0,360.0,1.0,4.897839799950911,4616.0,0.02902946273830156,1,1,0,1,0,0,0,0,1,0
54,286.0,360.0,0.0,5.655991810819852,11500.0,0.024869565217391306,0,1,1,0,0,1,0,0,1,0
55,97.0,360.0,1.0,4.574710978503383,3875.0,0.02503225806451613,1,1,0,1,0,0,0,1,0,1
56,96.0,360.0,1.0,4.564348191467836,3723.0,0.0257856567284448,1,1,0,0,0,0,0,1,0,1
57,135.0,360.0,1.0,4.90527477843843,5566.0,0.024254401724757457,1,1,0,0,0,0,0,0,0,0
58,180.0,360.0,1.0,5.19295685089021,10330.0,0.017424975798644726,1,1,1,0,0,0,0,0,1,1
59,144.0,360.0,1.0,4.969813299576001,6216.0,0.023166023166023165,1,1,0,1,0,0,1,0,1,1
60,120.0,360.0,1.0,4.787491742782046,6296.0,0.01905972045743329,1,1,0,0,0,0,0,0,1,1
61,99.0,360.0,1.0,4.59511985013459,3029.0,0.03268405414328161,1,1,0,0,1,0,0,0,1,1
62,165.0,180.0,0.0,5.10594547390058,6058.0,0.02723671178606801,1,1,0,0,0,1,1,0,0,0
63,130.0,360.0,0.0,4.867534450455582,4945.0,0.0262891809908999,1,1,1,0,0,0,0,0,0,0
64,116.0,360.0,0.0,4.7535901911063645,4166.0,0.02784445511281805,0,0,0,0,0,0,0,1,0,0
65,258.0,360.0,1.0,5.552959584921617,10321.0,0.024997577754093597,1,1,0,0,0,0,0,1,0,0
66,126.0,180.0,0.0,4.836281906951478,5454.0,0.0231023102310231,1,0,0,0,0,0,1,0,1,0
67,312.0,360.0,1.0,5.7430031878094825,10750.0,0.02902325581395349,1,1,1,0,0,0,0,0,1,1
68,125.0,60.0,1.0,4.8283137373023015,7100.0,0.017605633802816902,1,1,0,0,1,1,1,0,1,1
69,136.0,360.0,0.0,4.912654885736052,4300.0,0.03162790697674418,0,0,0,0,0,0,0,1,0,0
70,172.0,360.0,1.0,5.147494476813453,6274.0,0.027414727446605038,1,1,0,0,0,0,0,0,1,1
71,97.0,360.0,1.0,4.574710978503383,3750.0,0.025866666666666666,1,1,0,1,0,1,1,1,0,1
72,81.0,300.0,1.0,4.394449154672439,3500.0,0.023142857142857142,1,0,0,0,0,0,0,1,0,1
73,95.0,360.0,0.0,4.553876891600541,4755.0,0.019978969505783387,1,1,0,0,1,0,1,1,0,0
74,187.0,360.0,1.0,5.231108616854587,7040.0,0.0265625,1,1,0,0,1,1,0,1,0,1
75,113.0,480.0,1.0,4.727387818712341,3750.0,0.030133333333333335,1,0,0,0,0,0,0,0,1,0
76,176.0,360.0,1.0,5.170483995038151,8500.0,0.020705882352941178,1,0,0,0,0,0,0,0,1,0
77,110.0,360.0,1.0,4.700480365792417,4022.0,0.02734957732471407,1,1,1,0,0,1,0,0,1,0
78,180.0,300.0,0.0,5.19295685089021,7167.0,0.025115110925073254,1,1,0,0,1,0,0,1,0,0
79,130.0,360.0,1.0,4.867534450455582,5499.0,0.02364066193853428,1,1,0,0,1,1,1,1,0,1
80,111.0,360.0,1.0,4.709530201312334,3846.0,0.028861154446177848,0,0,0,0,0,0,0,1,0,1
81,157.5,360.0,1.0,5.059425458265688,2395.0,0.06576200417536535,1,1,1,0,0,1,0,1,0,1
82,167.0,360.0,1.0,5.117993812416755,3259.0,0.0512427124884934,0,1,0,1,0,0,0,0,1,0
83,265.0,360.0,1.0,5.579729825986222,8250.0,0.03212121212121212,1,1,0,0,0,0,0,1,0,0
84,50.0,240.0,1.0,3.912023005428146,3988.0,0.012537612838515547,1,1,1,0,0,0,0,0,1,1
85,136.0,360.0,1.0,4.912654885736052,4897.0,0.027772105370635083,1,0,0,0,0,0,0,1,0,1
86,99.0,360.0,1.0,4.59511985013459,5333.0,0.0185636602287643,1,1,0,1,0,0,1,1,0,1
87,104.0,360.0,1.0,4.6443908991413725,4618.0,0.02252057167605024,1,1,0,0,0,0,0,1,0,1
88,210.0,360.0,1.0,5.3471075307174685,8566.0,0.02451552650011674,1,0,0,0,0,0,0,0,1,1
89,175.0,360.0,1.0,5.1647859739235145,9862.0,0.017744879334820524,1,1,0,0,0,0,0,1,0,1
90,131.0,360.0,1.0,4.875197323201151,5858.0,0.022362581085694777,1,1,0,0,0,0,0,1,0,1
91,188.0,180.0,1.0,5.236441962829949,11904.0,0.015793010752688172,1,1,0,1,0,0,0,1,0,1
92,81.0,360.0,1.0,4.394449154672439,5093.0,0.015904182210877676,1,1,0,1,0,0,1,0,1,1
93,122.0,360.0,1.0,4.804021044733257,4133.0,0.029518509557222357,1,0,0,0,0,0,0,1,0,1
94,25.0,120.0,1.0,3.2188758248682006,3620.0,0.006906077348066298,1,0,0,0,0,0,1,1,0,1
95,130.0,360.0,1.0,4.867534450455582,6782.0,0.019168386906517253,1,0,0,0,0,0,0,0,1,0
96,137.0,360.0,1.0,4.919980925828125,4786.0,0.028625156707062265,0,1,0,0,0,0,0,1,0,1
97,50.0,360.0,1.0,3.912023005428146,2974.0,0.016812373907195696,1,1,0,0,0,0,0,1,0,1
98,115.0,180.0,1.0,4.74493212836325,4188.0,0.027459407831900668,1,1,0,0,0,0,1,1,0,1
99,131.0,360.0,1.0,4.875197323201151,5300.0,0.02471698113207547,1,1,0,0,0,0,0,1,0,1
100,133.0,180.0,1.0,4.890349128221754,7551.0,0.01761356111773275,1,1,0,1,0,0,1,0,1,1
101,151.0,360.0,1.0,5.017279836814924,8649.0,0.017458665741704245,1,0,0,0,0,0,0,1,0,1
102,130.0,360.0,1.0,4.867534450455582,13650.0,0.009523809523809525,1,1,0,0,0,0,0,0,1,1
103,130.0,360.0,1.0,4.867534450455582,8235.0,0.015786278081360048,1,1,0,0,0,0,0,1,0,1
104,160.0,360.0,1.0,5.075173815233827,4570.0,0.0350109409190372,1,1,0,0,0,0,0,0,1,1
105,100.0,360.0,1.0,4.605170185988092,4082.0,0.02449779519843214,1,1,1,0,0,0,0,0,1,1
106,225.0,360.0,1.0,5.41610040220442,12543.0,0.01793829227457546,1,1,0,1,0,0,0,0,1,1
107,120.0,360.0,1.0,4.787491742782046,7333.0,0.01636438019909996,1,0,0,0,0,0,1,0,0,0
108,216.0,360.0,0.0,5.375278407684165,7400.0,0.02918918918918919,1,1,0,1,0,0,0,0,1,0
109,94.0,480.0,1.0,4.543294782270004,2825.0,0.03327433628318584,1,1,0,0,1,0,1,1,0,1
110,136.0,360.0,1.0,4.912654885736052,5316.0,0.025583145221971408,1,0,0,0,0,0,0,0,1,1
111,139.0,360.0,1.0,4.9344739331306915,5262.0,0.026415811478525276,0,1,0,0,0,0,0,1,0,1
112,152.0,360.0,0.0,5.0238805208462765,7686.0,0.019776216497527973,1,1,0,0,0,0,1,0,0,0
113,157.5,360.0,1.0,5.059425458265688,7451.0,0.021138102268151927,0,0,1,0,0,1,0,1,0,1
114,118.0,360.0,1.0,4.770684624465665,5050.0,0.023366336633663366,1,0,0,0,0,0,0,1,0,1
115,185.0,180.0,1.0,5.220355825078324,14583.0,0.012686004251525749,1,1,1,0,0,0,0,0,0,1
116,154.0,360.0,1.0,5.0369526024136295,5450.0,0.028256880733944955,0,1,0,0,0,0,0,1,0,1
117,85.0,360.0,1.0,4.442651256490317,3612.0,0.02353266888150609,1,1,1,0,0,0,0,0,1,1
118,175.0,360.0,1.0,5.1647859739235145,7710.0,0.022697795071335927,1,1,0,0,0,0,0,0,0,0
119,259.0,360.0,1.0,5.556828061699537,10408.0,0.024884704073789392,0,0,0,0,0,0,0,0,1,1
120,180.0,360.0,1.0,5.19295685089021,8334.0,0.02159827213822894,1,1,0,0,0,0,0,0,0,1
121,44.0,360.0,1.0,3.784189633918261,4166.0,0.01056168987037926,0,0,0,0,0,0,0,1,0,1
122,137.0,360.0,0.0,4.919980925828125,11117.0,0.01232346856166232,0,0,0,0,0,0,0,1,0,1
123,81.0,360.0,1.0,4.394449154672439,2957.0,0.027392627663172135,1,1,0,1,0,0,0,1,0,1
124,194.0,360.0,1.0,5.267858159063328,6314.0,0.030725372188786824,1,1,0,0,0,0,1,0,0,1
125,93.0,360.0,1.0,4.532599493153256,3692.0,0.025189599133261104,0,0,0,0,0,0,0,0,0,1
126,370.0,360.0,1.0,5.91350300563827,23803.0,0.015544259127000798,1,1,0,0,1,0,0,0,0,1
127,130.0,360.0,1.0,4.867534450455582,5505.0,0.023614895549500452,1,0,0,0,0,0,0,0,0,1
128,160.0,180.0,0.0,5.075173815233827,14363.0,0.011139734038849823,1,1,1,0,0,1,0,0,1,0
129,182.0,360.0,1.0,5.204006687076795,8649.0,0.021042895132385248,1,1,0,0,0,0,0,0,0,0
130,650.0,480.0,1.0,6.476972362889683,20166.0,0.03223247049489239,1,0,0,0,0,1,0,0,1,1
131,74.0,360.0,1.0,4.30406509320417,3943.0,0.018767435962465127,1,0,0,0,0,0,0,0,1,1
132,70.0,360.0,1.0,4.248495242049359,2718.0,0.025754231052244298,1,0,0,0,0,0,0,1,0,1
133,25.0,120.0,1.0,3.2188758248682006,3459.0,0.007227522405319456,1,1,0,0,0,1,0,1,0,1
134,102.0,360.0,1.0,4.624972813284271,4895.0,0.020837589376915218,1,0,0,0,0,0,0,1,0,1
135,290.0,360.0,1.0,5.66988092298052,11750.0,0.02468085106382979,1,1,0,0,1,0,0,1,0,0
136,84.0,360.0,1.0,4.430816798843313,4583.0,0.0183286057167794,0,1,0,0,0,0,0,0,0,0
137,88.0,360.0,1.0,4.477336814478207,6816.0,0.012910798122065728,1,1,0,1,0,1,0,0,1,1
138,242.0,360.0,0.0,5.488937726156687,14999.0,0.016134408960597372,1,0,0,0,0,0,0,1,0,0
139,129.0,360.0,1.0,4.859812404361672,5630.0,0.022912966252220248,1,1,0,1,0,0,1,0,0,0
140,185.0,360.0,1.0,5.220355825078324,7125.0,0.025964912280701753,1,1,0,1,0,0,0,0,0,0
141,168.0,360.0,1.0,5.123963979403259,5417.0,0.031013476093778844,1,0,0,0,0,0,0,0,1,1
142,175.0,180.0,1.0,5.1647859739235145,6950.0,0.025179856115107913,1,0,0,0,0,1,0,1,0,1
143,122.0,360.0,1.0,4.804021044733257,4732.0,0.02578191039729501,1,1,0,0,0,0,0,1,0,1
144,187.0,180.0,1.0,5.231108616854587,11757.0,0.01590541804882198,1,1,0,1,0,0,0,0,1,1
145,100.0,360.0,1.0,4.605170185988092,6816.0,0.014671361502347418,0,1,0,0,0,0,0,1,0,1
146,70.0,360.0,1.0,4.248495242049359,14866.0,0.0047087313332436435,0,1,0,1,0,0,0,0,1,1
147,30.0,360.0,1.0,3.4011973816621555,2963.0,0.010124873439082012,1,1,1,0,0,0,0,0,1,1
148,225.0,360.0,1.0,5.41610040220442,11666.0,0.019286816389507973,0,0,0,0,0,0,0,0,0,0
149,125.0,360.0,1.0,4.8283137373023015,5690.0,0.021968365553602813,1,1,0,0,0,0,0,1,0,1
150,118.0,360.0,0.0,4.770684624465665,6277.0,0.018798789230524134,1,0,0,0,0,0,0,0,0,0
151,152.0,360.0,1.0,5.0238805208462765,6327.0,0.024024024024024024,1,1,0,0,0,1,0,0,0,1
152,244.0,360.0,1.0,5.497168225293202,9166.0,0.026620117826751038,1,0,0,0,0,0,0,0,1,0
153,113.0,360.0,1.0,4.727387818712341,2281.0,0.049539675580885574,1,1,0,1,0,0,1,0,0,0
154,50.0,360.0,1.0,3.912023005428146,3254.0,0.015365703749231715,1,0,0,0,0,0,0,0,1,1
155,600.0,180.0,0.0,6.396929655216146,39999.0,0.015000375009375235,1,1,0,0,1,0,0,1,0,1
156,160.0,360.0,1.0,5.075173815233827,6000.0,0.02666666666666667,1,1,1,0,0,0,0,0,0,1
157,187.0,360.0,1.0,5.231108616854587,9538.0,0.019605787376808556,1,1,1,0,0,0,0,0,1,1
158,120.0,360.0,1.0,4.787491742782046,5063.0,0.023701362828362632,1,0,0,0,0,0,0,0,0,1
159,255.0,360.0,1.0,5.541263545158426,10208.0,0.02498040752351097,1,1,0,0,0,0,0,1,0,1
160,98.0,360.0,1.0,4.584967478670572,2904.0,0.0337465564738292,1,1,0,0,0,0,1,1,0,1
161,275.0,360.0,1.0,5.616771097666572,7933.0,0.03466532207235598,1,1,0,0,0,0,0,0,1,0
162,121.0,360.0,0.0,4.795790545596741,4369.0,0.027695124742504004,1,1,1,0,0,0,0,1,0,0
163,158.0,360.0,1.0,5.062595033026967,5614.0,0.028143925899536872,1,1,0,1,0,0,0,0,0,1
164,75.0,180.0,1.0,4.31748811353631,9323.0,0.008044620830204869,1,1,0,0,0,0,0,0,1,1
165,182.0,360.0,1.0,5.204006687076795,6873.0,0.02648043067074058,1,1,0,0,0,0,0,0,0,1
166,112.0,360.0,1.0,4.718498871295094,4583.0,0.02443814095570587,0,1,0,0,0,0,0,0,0,0
167,129.0,360.0,1.0,4.859812404361672,5772.0,0.02234927234927235,1,1,0,0,0,0,0,0,0,1
168,63.0,480.0,0.0,4.143134726391533,2237.0,0.028162717925793473,1,0,0,0,0,0,0,1,0,0
169,200.0,360.0,1.0,5.298317366548036,8000.0,0.025,1,1,0,1,0,0,0,1,0,1
170,95.0,360.0,1.0,4.553876891600541,3589.0,0.026469768737809974,1,1,0,0,0,0,1,0,0,1
171,700.0,300.0,1.0,6.551080335043404,51763.0,0.013523172922744044,1,1,0,0,1,0,0,0,1,1
172,81.0,180.0,1.0,4.394449154672439,3522.0,0.022998296422487224,1,1,0,0,1,0,1,0,0,0
173,187.0,360.0,1.0,5.231108616854587,11333.0,0.016500485308391422,1,1,0,0,0,0,0,1,0,1
174,87.0,360.0,1.0,4.465908118654584,5080.0,0.017125984251968505,1,1,0,0,0,1,1,1,0,0
175,116.0,360.0,1.0,4.7535901911063645,5461.0,0.021241530855154733,1,1,0,0,0,0,0,0,0,1
176,101.0,360.0,1.0,4.61512051684126,3664.0,0.027565502183406112,1,1,0,1,0,0,0,0,0,1
177,495.0,360.0,0.0,6.20455776256869,16816.0,0.029436251189343482,1,1,0,0,1,0,0,1,0,0
178,116.0,360.0,1.0,4.7535901911063645,3750.0,0.030933333333333334,1,1,1,0,0,0,0,1,0,1
179,102.0,480.0,0.0,4.624972813284271,3784.0,0.026955602536997886,1,0,0,0,0,0,1,0,1,0
180,180.0,360.0,0.0,5.19295685089021,13650.0,0.013186813186813187,1,1,1,0,0,0,0,0,1,0
181,67.0,360.0,1.0,4.204692619390966,6979.0,0.00960022925920619,1,0,0,0,0,0,0,0,0,0
182,73.0,180.0,1.0,4.290459441148391,4600.0,0.015869565217391305,1,1,0,0,0,0,0,1,0,1
183,260.0,360.0,1.0,5.560681631015528,33846.0,0.00768185309933227,1,1,1,0,0,0,0,1,0,0
184,108.0,360.0,1.0,4.68213122712422,3625.0,0.029793103448275862,0,1,0,0,0,0,0,1,0,1
185,120.0,360.0,1.0,4.787491742782046,43897.0,0.0027336720049206094,1,1,0,0,0,1,0,1,0,1
186,66.0,300.0,0.0,4.189654742026425,2178.0,0.030303030303030304,1,1,1,0,0,1,0,0,0,0
187,58.0,360.0,1.0,4.060443010546419,4521.0,0.012829020128290201,1,1,0,0,0,0,0,0,0,1
188,168.0,360.0,1.0,5.123963979403259,5970.0,0.02814070351758794,1,1,0,0,0,1,0,0,0,1
189,188.0,180.0,1.0,5.236441962829949,9328.0,0.020154373927958835,1,1,0,0,0,0,0,0,0,1
190,48.0,360.0,1.0,3.871201010907891,4885.0,0.009825997952917094,1,0,0,0,0,0,1,0,0,1
191,164.0,360.0,1.0,5.099866427824199,12000.0,0.013666666666666667,1,0,0,0,0,0,0,1,0,0
192,160.0,360.0,1.0,5.075173815233827,6033.0,0.026520802254268193,1,1,0,0,0,0,1,0,1,0
193,76.0,360.0,1.0,4.330733340286331,3858.0,0.019699326075686883,1,0,0,0,0,0,0,1,0,1
194,120.0,360.0,1.0,4.787491742782046,4191.0,0.02863278453829635,1,0,0,0,0,0,0,0,0,1
195,170.0,360.0,1.0,5.135798437050262,5708.0,0.029782761037140854,1,1,1,0,0,0,0,1,0,0
196,187.0,360.0,1.0,5.231108616854587,12083.0,0.015476289001075892,1,0,0,0,0,0,0,0,0,1
197,120.0,360.0,1.0,4.787491742782046,4272.0,0.028089887640449437,0,0,0,0,0,0,1,0,1,1
198,113.0,360.0,1.0,4.727387818712341,6232.0,0.01813222079589217,0,1,0,0,0,0,0,1,0,1
199,83.0,360.0,1.0,4.418840607796598,11000.0,0.007545454545454545,1,0,0,0,0,1,0,0,1,0
200,90.0,360.0,1.0,4.499809670330265,5100.0,0.01764705882352941,1,1,1,0,0,0,1,1,0,1
201,166.0,360.0,0.0,5.111987788356544,4923.0,0.03371927686370099,1,0,0,1,0,0,0,1,0,1
202,113.0,180.0,1.0,4.727387818712341,3992.0,0.028306613226452906,1,1,0,0,1,0,1,0,1,0
203,135.0,360.0,1.0,4.90527477843843,4583.0,0.029456687759109753,1,1,1,0,0,0,1,0,1,1
204,124.0,360.0,1.0,4.820281565605037,3917.0,0.03165688026550932,1,1,0,1,0,0,1,1,0,1
205,120.0,360.0,1.0,4.787491742782046,4408.0,0.02722323049001815,0,0,0,0,0,0,1,1,0,1
206,80.0,360.0,1.0,4.382026634673881,3244.0,0.02466091245376079,0,0,0,0,0,0,0,0,1,1
207,55.0,360.0,1.0,4.007333185232471,6506.0,0.008453735013833385,1,0,0,0,0,0,1,0,0,1
208,59.0,360.0,1.0,4.07753744390572,2479.0,0.02379991932230738,1,0,0,0,0,0,0,0,1,1
209,127.0,360.0,1.0,4.844187086458591,3418.0,0.0371562317144529,1,0,0,0,0,0,0,1,0,0
210,214.0,360.0,1.0,5.365976015021851,10000.0,0.0214,0,0,0,0,0,0,0,1,0,0
211,128.0,360.0,0.0,4.852030263919617,4680.0,0.02735042735042735,1,1,0,0,1,0,0,1,0,0
212,240.0,360.0,1.0,5.480638923341991,7787.0,0.030820598433286245,1,1,1,0,0,1,0,0,1,1
213,130.0,360.0,1.0,4.867534450455582,5703.0,0.02279502016482553,1,1,0,0,1,1,1,0,0,1
214,137.0,360.0,1.0,4.919980925828125,6194.0,0.022118178882789795,1,1,0,0,0,0,0,0,1,1
215,100.0,360.0,1.0,4.605170185988092,4833.0,0.02069108214359611,1,1,0,0,1,0,1,1,0,1
216,135.0,360.0,1.0,4.90527477843843,1950.0,0.06923076923076923,1,1,0,0,0,0,0,0,0,0
217,131.0,360.0,1.0,4.875197323201151,5502.0,0.023809523809523808,1,1,0,0,0,0,0,1,0,1
218,72.0,360.0,0.0,4.276666119016055,5000.0,0.0144,1,1,0,1,0,0,0,1,0,0
219,127.0,360.0,1.0,4.844187086458591,6666.0,0.019051905190519053,0,1,0,1,0,0,0,1,0,1
220,60.0,360.0,0.0,4.0943445622221,2221.0,0.0270148581719946,1,1,0,0,0,0,0,0,1,0
221,116.0,360.0,1.0,4.7535901911063645,5726.0,0.020258470136220747,1,1,0,1,0,0,0,1,0,1
222,144.0,360.0,1.0,4.969813299576001,5762.0,0.024991322457480043,1,0,0,0,0,0,0,1,0,1
223,175.0,360.0,1.0,5.1647859739235145,8588.0,0.0203772706101537,1,1,0,0,0,0,0,1,0,1
224,128.0,360.0,1.0,4.852030263919617,6250.0,0.02048,1,1,0,0,0,0,0,1,0,1
225,170.0,360.0,1.0,5.135798437050262,3250.0,0.052307692307692305,1,1,0,0,0,0,0,0,0,0
226,138.0,360.0,1.0,4.927253685157205,4735.0,0.02914466737064414,1,1,0,0,0,1,1,0,1,0
227,210.0,360.0,1.0,5.3471075307174685,7945.0,0.02643171806167401,1,1,0,1,0,0,0,1,0,1
228,158.0,480.0,1.0,5.062595033026967,4758.0,0.0332072299285414,1,1,0,0,0,0,0,1,0,1
229,200.0,360.0,1.0,5.298317366548036,6400.0,0.03125,1,0,0,0,0,1,0,0,0,1
230,104.0,360.0,1.0,4.6443908991413725,4545.0,0.02288228822882288,1,1,1,0,0,0,0,1,0,1
231,42.0,180.0,1.0,3.7376696182833684,3716.0,0.011302475780409042,1,1,0,0,0,0,0,0,0,1
232,120.0,360.0,1.0,4.787491742782046,5787.0,0.020736132711249352,1,0,0,0,0,0,1,0,0,1
233,280.0,360.0,1.0,5.634789603169249,8333.0,0.03360134405376215,0,0,0,0,0,0,0,1,0,1
234,140.0,360.0,1.0,4.941642422609304,4934.0,0.02837454398054317,1,1,1,0,0,0,0,1,0,1
235,170.0,360.0,1.0,5.135798437050262,6760.0,0.02514792899408284,1,1,1,0,0,0,0,0,0,1
236,255.0,360.0,1.0,5.541263545158426,5746.0,0.04437869822485207,1,1,0,0,0,0,0,0,1,0
237,122.0,360.0,1.0,4.804021044733257,3463.0,0.03522956973722206,0,0,0,0,0,1,0,0,1,1
238,112.0,360.0,1.0,4.718498871295094,3812.0,0.02938090241343127,0,0,1,0,0,0,0,0,0,1
239,96.0,360.0,1.0,4.564348191467836,3315.0,0.02895927601809955,1,1,1,0,0,0,0,1,0,1
240,120.0,360.0,1.0,4.787491742782046,10819.0,0.01109159811442832,1,1,0,1,0,0,0,0,0,1
241,140.0,180.0,1.0,4.941642422609304,4493.0,0.031159581571333184,1,1,1,0,0,0,1,0,1,0
242,155.0,60.0,1.0,5.043425116919247,8666.0,0.017885991230094624,1,0,0,0,0,0,0,0,1,1
243,108.0,360.0,1.0,4.68213122712422,7550.0,0.014304635761589404,1,1,0,1,0,1,0,0,0,1
244,123.0,360.0,1.0,4.812184355372417,7823.0,0.01572286846478333,1,1,0,0,0,0,1,1,0,1
245,120.0,180.0,1.0,4.787491742782046,10383.0,0.011557353366079168,1,0,0,0,0,1,0,0,1,0
246,112.0,360.0,1.0,4.718498871295094,9703.0,0.011542821807688343,1,1,0,1,0,0,0,0,1,1
247,137.0,180.0,1.0,4.919980925828125,6608.0,0.020732445520581115,1,1,1,0,0,0,1,0,1,1
248,123.0,480.0,1.0,4.812184355372417,4725.0,0.02603174603174603,1,1,1,0,0,0,0,1,0,1
249,90.0,360.0,1.0,4.499809670330265,3677.0,0.024476475387544192,1,1,0,0,0,0,0,0,1,1
250,201.0,360.0,0.0,5.303304908059076,5558.0,0.0361640878013674,1,1,0,0,0,0,1,1,0,0
251,138.0,360.0,1.0,4.927253685157205,3427.0,0.040268456375838924,0,0,0,1,0,0,0,0,1,0
252,104.0,360.0,1.0,4.6443908991413725,4750.0,0.021894736842105262,1,0,0,0,0,1,1,0,0,1
253,279.0,180.0,1.0,5.631211781821365,9762.0,0.02858020897357099,1,1,1,0,0,0,1,1,0,1
254,192.0,360.0,0.0,5.2574953720277815,16250.0,0.011815384615384615,1,0,0,0,0,1,0,0,1,0
255,255.0,360.0,1.0,5.541263545158426,3083.0,0.08271164450210834,0,0,0,0,1,0,0,0,0,1
256,115.0,360.0,0.0,4.74493212836325,6045.0,0.01902398676592225,1,0,0,0,0,0,1,0,0,0
257,94.0,360.0,1.0,4.543294782270004,5250.0,0.017904761904761906,1,1,0,0,1,0,0,0,1,0
258,304.0,360.0,1.0,5.717027701406222,16783.0,0.018113567300244295,1,1,0,0,0,0,0,0,0,0
259,128.0,360.0,1.0,4.852030263919617,4931.0,0.02595822348408031,1,1,0,0,1,0,1,1,0,0
260,330.0,360.0,1.0,5.799092654460526,10333.0,0.03193651408109939,1,1,1,0,0,0,0,0,1,1
261,134.0,360.0,1.0,4.897839799950911,4269.0,0.03138908409463575,1,0,0,0,0,0,0,1,0,1
262,155.0,36.0,1.0,5.043425116919247,3481.0,0.04452743464521689,0,0,1,0,0,0,0,1,0,0
263,120.0,360.0,1.0,4.787491742782046,7200.0,0.016666666666666666,0,0,0,0,0,0,0,0,0,1
264,128.0,360.0,1.0,4.852030263919617,5166.0,0.024777390631049168,1,0,0,0,0,1,0,1,0,1
265,151.0,360.0,1.0,5.017279836814924,7542.0,0.02002121453195439,1,0,0,0,0,0,0,0,0,1
266,150.0,360.0,1.0,5.0106352940962555,6095.0,0.02461033634126333,1,1,0,1,0,0,0,1,0,1
267,160.0,360.0,0.0,5.075173815233827,6144.0,0.026041666666666668,1,1,0,0,1,0,0,0,1,1
268,135.0,360.0,1.0,4.90527477843843,3418.0,0.03949678174370977,0,0,0,0,0,0,0,0,0,0
269,90.0,360.0,1.0,4.499809670330265,4436.0,0.02028854824165915,0,0,1,0,0,0,0,0,1,1
270,30.0,360.0,1.0,3.4011973816621555,3237.0,0.009267840593141797,0,0,0,0,0,0,0,0,1,1
271,136.0,360.0,1.0,4.912654885736052,11146.0,0.012201686703750225,1,1,0,0,0,0,0,0,1,1
272,126.0,360.0,1.0,4.836281906951478,4690.0,0.026865671641791045,1,0,0,0,0,0,0,0,0,1
273,150.0,360.0,1.0,5.0106352940962555,4843.0,0.03097253768325418,1,1,0,0,0,0,0,1,0,1
274,90.0,360.0,1.0,4.499809670330265,3900.0,0.023076923076923078,1,1,0,1,0,0,0,1,0,1
275,115.0,360.0,1.0,4.74493212836325,4592.0,0.02504355400696864,1,1,1,0,0,0,0,1,0,1
276,207.0,360.0,1.0,5.332718793265369,7267.0,0.02848493188385854,1,1,0,0,0,0,0,1,0,1
277,80.0,360.0,1.0,4.382026634673881,4403.0,0.018169429934135818,1,1,0,0,0,0,0,0,1,1
278,436.0,360.0,1.0,6.077642243349034,14583.0,0.02989782623602825,1,1,0,0,0,0,0,1,0,1
279,124.0,360.0,1.0,4.820281565605037,4100.0,0.03024390243902439,0,1,0,0,0,0,1,0,0,1
280,158.0,360.0,0.0,5.062595033026967,6479.0,0.02438647939496836,1,0,1,0,0,1,1,0,1,0
281,112.0,360.0,1.0,4.718498871295094,4727.0,0.0236936746350751,1,1,0,0,0,0,0,1,0,1
282,78.0,180.0,1.0,4.356708826689592,3286.7999878,0.023731288879615956,1,1,0,1,0,0,0,0,1,1
283,54.0,360.0,1.0,3.9889840465642745,3477.0,0.015530629853321829,0,0,0,0,0,0,0,0,1,1
284,130.0,360.0,1.0,4.867534450455582,20667.0,0.006290221125465718,1,1,0,0,0,0,0,0,0,0
285,89.0,360.0,1.0,4.48863636973214,6211.0,0.014329415553051039,1,0,0,0,0,0,0,0,0,1
286,99.0,300.0,1.0,4.59511985013459,4317.0,0.022932592077831826,0,0,0,0,0,1,0,1,0,0
287,120.0,360.0,1.0,4.787491742782046,5704.0,0.021037868162692847,1,1,0,0,0,0,0,0,0,1
288,115.0,360.0,1.0,4.74493212836325,4124.0,0.027885548011639186,0,0,0,0,0,0,0,1,0,1
289,187.0,360.0,1.0,5.231108616854587,9508.0,0.019667648296171646,1,0,0,0,0,0,0,0,0,1
290,139.0,360.0,1.0,4.9344739331306915,5491.0,0.025314150427973046,1,1,0,0,0,0,0,0,0,1
291,127.0,360.0,0.0,4.844187086458591,4400.0,0.028863636363636362,1,1,0,1,0,0,0,1,0,0
292,134.0,360.0,1.0,4.897839799950911,4713.0,0.028431996605134735,1,1,0,1,0,0,0,0,1,1
293,143.0,480.0,0.0,4.962844630259907,5417.0,0.026398375484585564,0,0,0,0,0,0,0,0,1,0
294,172.0,360.0,1.0,5.147494476813453,5717.0,0.03008570928808816,1,1,0,0,0,0,0,1,0,1
295,110.0,360.0,1.0,4.700480365792417,5666.0,0.01941404871161313,1,1,0,0,1,0,0,0,1,1
296,200.0,360.0,1.0,5.298317366548036,6875.0,0.02909090909090909,1,1,1,0,0,0,0,1,0,1
297,135.0,360.0,1.0,4.90527477843843,4666.0,0.028932704672096014,0,1,1,0,0,0,0,0,1,1
298,151.0,480.0,1.0,5.017279836814924,7541.0,0.020023869513327144,0,0,0,0,0,0,0,0,0,0
299,113.0,360.0,1.0,4.727387818712341,4939.0,0.02287912532901397,1,1,1,0,0,0,0,0,1,0
300,93.0,360.0,0.0,4.532599493153256,4734.0,0.01964512040557668,1,1,0,0,0,0,1,0,1,0
301,105.0,360.0,1.0,4.653960350157523,4625.0,0.022702702702702703,1,1,0,0,0,0,1,1,0,1
302,132.0,360.0,1.0,4.882801922586371,5000.0,0.0264,0,0,0,0,0,0,0,0,0,1
303,96.0,360.0,1.0,4.564348191467836,3428.0,0.028004667444574097,1,1,1,0,0,0,0,0,1,1
304,140.0,360.0,1.0,4.941642422609304,6500.0,0.021538461538461538,1,0,0,0,0,0,0,0,0,1
305,113.0,360.0,1.0,4.727387818712341,2000.0,0.0565,1,0,0,0,0,0,1,0,1,0
306,135.0,360.0,1.0,4.90527477843843,5428.0,0.024871039056742816,0,0,0,0,0,0,0,0,0,1
307,104.0,360.0,0.0,4.6443908991413725,4263.0,0.02439596528266479,0,0,0,0,0,0,0,0,1,0
308,480.0,360.0,1.0,6.173786103901937,20233.0,0.02372361982899224,1,0,0,0,0,0,0,0,0,0
309,185.0,360.0,1.0,5.220355825078324,7667.0,0.024129385678883526,1,1,0,1,0,0,1,0,0,1
310,84.0,360.0,1.0,4.430816798843313,2917.0,0.028796708947548853,0,0,0,0,0,0,0,1,0,1
311,111.0,360.0,1.0,4.709530201312334,5332.0,0.020817704426106528,1,0,0,0,0,0,1,1,0,1
312,56.0,360.0,1.0,4.02535169073515,2507.0,0.022337455125648185,0,0,0,0,0,0,0,0,0,1
313,144.0,84.0,1.0,4.969813299576001,5746.0,0.025060911938739994,1,1,0,1,0,1,0,0,0,1
314,159.0,360.0,1.0,5.0689042022202315,4316.0,0.036839666357738644,1,1,0,0,0,0,0,0,0,0
315,111.0,180.0,1.0,4.709530201312334,5039.0,0.022028180194483032,1,1,1,0,0,0,1,0,1,1
316,120.0,360.0,1.0,4.787491742782046,3717.0,0.03228410008071025,1,1,0,1,0,0,0,1,0,1
317,88.0,360.0,1.0,4.477336814478207,4192.0,0.02099236641221374,1,1,0,0,0,0,0,0,1,1
318,112.0,360.0,1.0,4.718498871295094,3541.0,0.031629483196837054,0,0,1,0,0,0,0,1,0,1
319,155.0,360.0,1.0,5.043425116919247,10000.0,0.0155,1,1,1,0,0,1,0,0,0,0
320,115.0,360.0,1.0,4.74493212836325,4567.0,0.025180643748631486,1,1,0,0,0,0,0,1,0,1
321,124.0,360.0,1.0,4.820281565605037,4531.0,0.027367027146325315,1,1,0,0,1,0,0,1,0,1
322,113.0,360.0,1.0,4.727387818712341,5191.0,0.021768445386245425,1,1,0,1,0,0,1,0,0,1
323,132.0,360.0,1.0,4.882801922586371,6151.0,0.021459925215412127,0,0,0,0,0,0,0,0,0,1
324,300.0,360.0,1.0,5.703782474656201,15000.0,0.02,1,1,0,0,1,0,0,0,0,1
325,376.0,360.0,0.0,5.929589143389895,13649.0,0.027547805700051286,1,1,1,0,0,1,0,0,0,0
326,130.0,360.0,0.0,4.867534450455582,4917.0,0.026438885499288182,1,0,0,0,0,0,0,0,0,1
327,184.0,360.0,1.0,5.214935757608986,7978.0,0.023063424417147156,1,1,0,0,0,1,0,1,0,1
328,110.0,360.0,1.0,4.700480365792417,6784.0,0.016214622641509434,0,1,0,0,0,0,0,0,1,0
329,67.0,360.0,1.0,4.204692619390966,2500.0,0.0268,0,0,0,0,0,0,0,0,1,1
330,117.0,360.0,1.0,4.762173934797756,6177.0,0.01894123360854784,1,0,1,0,0,0,0,0,1,1
331,98.0,360.0,1.0,4.584967478670572,2935.0,0.03339011925042589,1,0,0,0,0,0,0,1,0,1
332,71.0,360.0,1.0,4.2626798770413155,2833.0,0.025061771973173313,1,0,0,0,0,0,0,0,1,1
333,490.0,180.0,1.0,6.194405391104672,63337.0,0.007736394208756335,1,1,0,0,0,0,0,0,1,1
334,182.0,180.0,1.0,5.204006687076795,11666.0,0.015600891479513115,1,1,1,0,0,1,0,0,1,1
335,70.0,360.0,1.0,4.248495242049359,9993.0,0.007004903432402682,1,1,0,0,0,1,0,1,0,1
336,160.0,360.0,1.0,5.075173815233827,5938.0,0.02694509936005389,1,1,1,0,0,0,0,0,0,1
337,176.0,360.0,1.0,5.170483995038151,7100.0,0.024788732394366197,1,1,0,1,0,1,0,0,0,1
338,113.0,360.0,0.0,4.727387818712341,1830.0,0.06174863387978142,0,0,0,0,1,0,1,0,1,0
339,71.0,360.0,1.0,4.2626798770413155,4160.0,0.01706730769230769,0,0,0,0,0,0,0,1,0,1
340,173.0,360.0,1.0,5.153291594497779,4234.0,0.040859707132735006,1,1,0,0,1,0,1,0,0,0
341,46.0,360.0,1.0,3.828641396489095,2378.0,0.01934398654331371,0,0,0,0,0,0,0,0,0,0
342,158.0,360.0,1.0,5.062595033026967,5783.0,0.027321459450112398,1,1,1,0,0,0,1,0,1,1
343,74.0,360.0,1.0,4.30406509320417,3173.0,0.023321777497636306,1,1,0,0,1,0,1,1,0,1
344,125.0,360.0,1.0,4.8283137373023015,4913.0,0.0254427030327702,1,1,0,1,0,0,0,0,0,1
345,160.0,360.0,1.0,5.075173815233827,4957.0,0.03227758725035303,1,1,0,0,0,0,0,1,0,1
346,152.0,360.0,0.0,5.0238805208462765,6753.0,0.02250851473419221,1,1,0,0,0,0,1,0,0,0
347,126.0,360.0,1.0,4.836281906951478,5251.0,0.023995429442011044,1,1,0,1,0,0,1,0,1,1
348,259.0,360.0,1.0,5.556828061699537,10916.0,0.02372663979479663,1,1,0,0,0,0,0,1,0,1
349,187.0,360.0,1.0,5.231108616854587,8875.0,0.021070422535211266,1,1,0,0,0,0,0,0,0,1
350,228.0,360.0,1.0,5.429345628954441,9083.0,0.025101838599581636,1,1,0,0,0,0,0,1,0,1
351,308.0,360.0,1.0,5.730099782973574,12917.0,0.023844545947201364,1,0,0,0,0,0,0,0,0,0
352,95.0,360.0,1.0,4.553876891600541,4749.0,0.02000421141292904,1,1,0,0,1,0,0,0,0,1
353,105.0,360.0,0.0,4.653960350157523,5500.0,0.019090909090909092,0,1,0,0,0,1,0,0,0,0
354,130.0,360.0,1.0,4.867534450455582,2928.0,0.04439890710382514,0,1,0,0,0,0,0,1,0,1
355,116.0,180.0,1.0,4.7535901911063645,3813.0,0.03042223970626803,0,0,0,0,0,0,0,0,1,1
356,165.0,360.0,1.0,5.10594547390058,11500.0,0.014347826086956521,1,1,0,1,0,0,0,0,0,1
357,67.0,360.0,1.0,4.204692619390966,3875.0,0.01729032258064516,1,1,1,0,0,0,0,0,1,0
358,100.0,480.0,0.0,4.605170185988092,4666.0,0.021431633090441493,1,1,0,0,0,0,1,0,1,0
359,200.0,360.0,1.0,5.298317366548036,8334.0,0.023998080153587713,1,1,0,0,1,0,0,1,0,1
360,81.0,360.0,1.0,4.394449154672439,4723.0,0.017150116451408005,0,0,1,0,0,0,0,1,0,0
361,236.0,360.0,1.0,5.4638318050256105,8667.0,0.027229721933771777,1,1,0,1,0,0,0,1,0,1
362,130.0,360.0,1.0,4.867534450455582,7083.0,0.01835380488493576,1,1,0,0,0,0,0,0,1,1
363,95.0,300.0,1.0,4.553876891600541,6046.0,0.0157128680119087,1,1,0,0,0,0,0,0,1,1
364,141.0,360.0,1.0,4.948759890378168,6822.0,0.020668425681618294,1,0,0,0,0,1,0,0,0,1
365,133.0,360.0,1.0,4.890349128221754,6216.0,0.021396396396396396,1,0,0,0,0,0,1,0,0,0
366,96.0,480.0,1.0,4.564348191467836,2500.0,0.0384,1,0,0,0,0,0,0,1,0,0
367,124.0,360.0,0.0,4.820281565605037,5124.0,0.02419984387197502,1,0,0,0,0,0,0,0,0,0
368,175.0,360.0,1.0,5.1647859739235145,6325.0,0.02766798418972332,1,1,1,0,0,0,0,1,0,1
369,570.0,360.0,1.0,6.345636360828596,24996.0,0.022803648583773404,1,1,0,0,0,0,0,0,0,0
370,55.0,360.0,1.0,4.007333185232471,15759.0,0.0034900691668253063,0,0,0,0,0,1,0,1,0,1
371,155.0,360.0,1.0,5.043425116919247,5185.0,0.029893924783027964,1,1,0,1,0,0,0,1,0,1
372,380.0,300.0,1.0,5.940171252720432,17196.0,0.02209816236334031,1,1,0,1,0,1,0,0,0,1
373,111.0,180.0,0.0,4.709530201312334,5049.0,0.021984551396316103,1,0,1,0,0,0,0,0,1,0
374,110.0,360.0,1.0,4.700480365792417,4223.0,0.02604783329386692,0,0,0,0,0,0,0,0,1,1
375,120.0,180.0,1.0,4.787491742782046,5740.0,0.020905923344947737,1,1,0,0,0,0,0,0,1,1
376,130.0,360.0,1.0,4.867534450455582,13746.0,0.009457296668121635,1,1,0,0,1,0,0,0,0,1
377,130.0,360.0,1.0,4.867534450455582,4310.0,0.030162412993039442,1,1,0,0,0,0,0,1,0,1
378,71.0,480.0,1.0,4.2626798770413155,3069.0,0.023134571521668295,1,0,0,0,0,0,0,0,1,0
379,130.0,360.0,1.0,4.867534450455582,5391.0,0.024114264514932295,1,1,0,1,0,0,0,0,1,1
380,128.0,360.0,1.0,4.852030263919617,5833.0,0.021944111092062405,1,1,0,0,0,0,0,1,0,1
381,296.0,360.0,1.0,5.69035945432406,10173.0,0.029096628329892852,1,0,0,0,0,0,0,1,0,1
382,156.0,360.0,1.0,5.049856007249537,6000.0,0.026,0,0,0,0,0,0,0,0,1,1
383,128.0,360.0,1.0,4.852030263919617,7167.0,0.017859634435607646,1,0,0,0,0,1,0,0,1,1
384,100.0,360.0,1.0,4.605170185988092,4566.0,0.021901007446342532,1,1,0,1,0,0,0,0,1,0
385,113.0,180.0,1.0,4.727387818712341,3667.0,0.030815380419961822,1,0,1,0,0,0,0,0,1,1
386,132.0,360.0,1.0,4.882801922586371,3946.0,0.03345159655347187,1,0,0,0,0,0,1,1,0,1
387,113.0,360.0,0.0,4.727387818712341,6146.0,0.018385942076147088,1,1,0,0,0,0,1,0,1,0
388,136.0,360.0,1.0,4.912654885736052,4750.0,0.02863157894736842,1,1,0,0,0,0,0,0,1,1
389,125.0,360.0,1.0,4.8283137373023015,5488.0,0.022776967930029153,1,1,0,0,0,0,0,0,0,1
390,185.0,360.0,1.0,5.220355825078324,9167.0,0.020181084324206393,1,0,0,0,1,0,0,0,0,1
391,275.0,360.0,1.0,5.616771097666572,9504.0,0.028935185185185185,1,1,0,0,1,0,0,0,0,1
392,120.0,360.0,1.0,4.787491742782046,4698.0,0.02554278416347382,1,1,0,0,0,0,0,0,1,1
393,113.0,180.0,1.0,4.727387818712341,3618.0,0.03123272526257601,1,1,0,1,0,0,1,1,0,1
394,113.0,360.0,1.0,4.727387818712341,4500.0,0.025111111111111112,1,1,0,1,0,0,0,0,1,1
395,135.0,360.0,1.0,4.90527477843843,3760.0,0.03590425531914894,1,1,0,1,0,0,0,1,0,1
396,71.0,360.0,0.0,4.2626798770413155,3180.0,0.02232704402515723,0,0,0,0,0,0,0,0,1,0
397,95.0,360.0,1.0,4.553876891600541,4492.0,0.021148708815672306,1,1,0,0,0,0,0,0,1,1
398,109.0,360.0,1.0,4.6913478822291435,5568.0,0.019576149425287355,1,0,0,0,0,0,1,0,0,1
399,103.0,360.0,0.0,4.634728988229636,3300.0,0.031212121212121212,0,0,0,0,0,0,0,1,0,0
400,45.0,180.0,0.0,3.8066624897703196,2889.0,0.01557632398753894,1,1,0,1,0,0,1,0,1,0
401,65.0,300.0,1.0,4.174387269895637,2755.0,0.023593466424682397,1,0,0,0,0,0,1,0,0,0
402,103.0,360.0,1.0,4.634728988229636,22500.0,0.004577777777777778,1,0,0,0,0,0,0,1,0,1
403,53.0,360.0,1.0,3.970291913552122,1963.0,0.026999490575649515,0,0,0,0,0,0,1,1,0,1
404,194.0,360.0,1.0,5.267858159063328,7441.0,0.026071764547775836,0,0,0,0,0,1,0,0,0,0
405,115.0,360.0,1.0,4.74493212836325,4547.0,0.025291400923685946,0,0,0,0,0,0,0,1,0,1
406,115.0,360.0,1.0,4.74493212836325,4567.0,0.025180643748631486,1,1,0,0,0,0,1,0,1,1
407,66.0,360.0,1.0,4.189654742026425,2213.0,0.0298237686398554,0,0,0,0,0,0,1,0,0,1
408,152.0,300.0,0.0,5.0238805208462765,8300.0,0.018313253012048194,1,1,1,0,0,0,0,1,0,0
409,360.0,360.0,0.0,5.886104031450156,81000.0,0.0044444444444444444,1,1,0,0,1,0,0,0,0,0
410,62.0,360.0,1.0,4.127134385045092,3867.0,0.016033100594776313,0,0,1,0,0,1,1,1,0,0
411,160.0,360.0,1.0,5.075173815233827,6256.0,0.02557544757033248,1,1,0,0,0,0,0,0,1,1
412,218.0,360.0,0.0,5.384495062789089,6096.0,0.035761154855643046,1,1,0,0,0,0,1,0,0,0
413,110.0,360.0,1.0,4.700480365792417,4286.0,0.025664955669622024,1,1,0,0,0,0,1,0,0,1
414,178.0,360.0,0.0,5.181783550292085,5386.0,0.03304864463423691,0,1,0,0,0,0,1,1,0,0
415,60.0,360.0,1.0,4.0943445622221,2995.0,0.02003338898163606,0,0,0,0,0,0,0,0,1,1
416,160.0,360.0,1.0,5.075173815233827,2600.0,0.06153846153846154,0,0,1,0,0,0,0,0,1,0
417,239.0,360.0,1.0,5.476463551931511,21600.0,0.011064814814814816,1,1,0,1,0,1,0,0,1,0
418,112.0,360.0,1.0,4.718498871295094,3798.0,0.02948920484465508,1,1,0,0,0,0,0,0,0,1
419,138.0,360.0,1.0,4.927253685157205,4663.0,0.029594681535492173,1,1,0,0,0,0,0,1,0,1
420,138.0,360.0,1.0,4.927253685157205,5829.0,0.023674729799279464,1,1,0,0,0,0,0,0,0,1
421,80.0,360.0,0.0,4.382026634673881,2720.0,0.029411764705882353,0,0,0,0,0,0,1,0,1,0
422,100.0,360.0,1.0,4.605170185988092,3539.0,0.028256569652444195,1,1,0,0,0,0,0,0,1,1
423,110.0,360.0,0.0,4.700480365792417,8917.0,0.01233598743972188,1,1,1,0,0,0,0,0,1,0
424,96.0,360.0,1.0,4.564348191467836,14880.0,0.0064516129032258064,1,1,0,0,0,0,0,1,0,1
425,121.0,360.0,1.0,4.795790545596741,6966.0,0.01737008326155613,1,1,0,0,0,0,0,0,0,1
426,81.0,360.0,1.0,4.394449154672439,4606.0,0.017585757707338254,0,0,1,0,0,0,1,0,0,0
427,133.0,360.0,1.0,4.890349128221754,5935.0,0.02240943555181129,1,1,0,1,0,0,0,1,0,1
428,87.0,360.0,1.0,4.465908118654584,2936.12000084,0.029630941506174818,1,1,0,0,0,0,0,0,0,1
429,60.0,180.0,1.0,4.0943445622221,2717.0,0.02208317997791682,1,0,0,0,0,0,1,0,1,1
430,150.0,360.0,1.0,5.0106352940962555,8624.0,0.017393320964749538,0,0,1,0,0,1,0,1,0,1
431,105.0,360.0,0.0,4.653960350157523,6500.0,0.016153846153846154,1,0,0,0,0,0,0,0,0,0
432,405.0,360.0,1.0,6.003887067106539,12876.0,0.03145386766076421,1,0,0,0,0,0,0,1,0,1
433,143.0,360.0,1.0,4.962844630259907,4765.0,0.030010493179433367,1,1,0,0,0,0,0,1,0,1
434,100.0,360.0,1.0,4.605170185988092,3750.0,0.02666666666666667,1,0,0,0,0,0,0,0,1,1
435,130.0,240.0,1.0,4.867534450455582,10047.0,0.012939185826614909,0,1,0,0,0,0,0,1,0,1
436,50.0,360.0,1.0,3.912023005428146,3777.0,0.013238019592268996,1,0,0,0,0,0,0,1,0,1
437,130.0,360.0,1.0,4.867534450455582,3338.0,0.03894547633313361,1,1,0,0,0,0,0,0,1,1
438,187.0,360.0,0.0,5.231108616854587,10416.0,0.0179531490015361,1,0,0,0,0,1,0,0,1,0
439,138.0,360.0,1.0,4.927253685157205,7142.0,0.019322318678241388,0,1,0,0,0,1,1,0,0,1
440,187.0,360.0,1.0,5.231108616854587,8724.0,0.021435121503897293,1,0,0,0,0,0,0,1,0,1
441,180.0,360.0,1.0,5.19295685089021,9734.0,0.018491884117526197,1,1,0,0,0,0,0,0,0,1
442,148.0,360.0,1.0,4.997212273764115,6700.0,0.02208955223880597,1,0,0,0,1,0,1,1,0,1
443,152.0,360.0,1.0,5.0238805208462765,37719.0,0.004029799305389856,1,0,1,0,0,0,0,1,0,1
444,175.0,300.0,1.0,5.1647859739235145,15666.0,0.011170688114387846,1,1,0,0,0,0,0,0,0,1
445,130.0,360.0,1.0,4.867534450455582,4676.0,0.027801539777587682,1,1,1,0,0,1,0,0,0,1
446,110.0,360.0,1.0,4.700480365792417,4652.0,0.023645743766122097,1,1,0,1,0,0,1,0,0,1
447,55.0,360.0,1.0,4.007333185232471,4915.0,0.011190233977619531,1,1,0,0,0,0,0,0,0,0
448,150.0,360.0,0.0,5.0106352940962555,5050.0,0.0297029702970297,1,1,0,1,0,0,0,0,0,0
449,190.0,360.0,1.0,5.247024072160486,4311.0,0.04407330085826954,1,0,1,0,0,1,1,1,0,0
450,125.0,360.0,0.0,4.8283137373023015,3564.0,0.035072951739618406,1,1,0,1,0,0,1,0,0,0
451,60.0,300.0,1.0,4.0943445622221,3414.0,0.01757469244288225,1,1,0,1,0,0,1,0,1,1
452,149.0,360.0,0.0,5.003946305945459,5681.0,0.02622777679985918,1,1,0,0,0,0,0,0,0,0
453,90.0,180.0,0.0,4.499809670330265,4949.0,0.018185492018589614,1,1,0,0,0,0,0,0,0,1
454,84.0,360.0,1.0,4.430816798843313,7085.0,0.011856033874382499,1,0,0,0,0,1,0,1,0,1
455,96.0,360.0,1.0,4.564348191467836,3859.0,0.024876911116869654,1,1,0,1,0,0,0,1,0,1
456,118.0,360.0,1.0,4.770684624465665,4301.0,0.027435480120902116,1,1,0,0,0,0,0,0,1,1
457,173.0,360.0,1.0,5.153291594497779,6277.0,0.027560936753226063,1,1,0,0,0,0,0,0,1,0
458,136.0,360.0,1.0,4.912654885736052,4354.0,0.03123564538355535,1,0,0,1,0,0,0,0,0,1
459,160.0,360.0,1.0,5.075173815233827,8334.0,0.01919846412287017,1,1,0,0,0,0,0,1,0,0
460,160.0,360.0,1.0,5.075173815233827,6166.0,0.025948751216347713,1,1,0,0,0,1,0,1,0,1
461,128.0,180.0,1.0,4.852030263919617,7740.0,0.016537467700258397,1,1,0,0,1,0,0,0,1,1
462,153.0,360.0,1.0,5.030437921392435,5203.0,0.02940611185854315,1,1,0,0,0,0,0,0,0,1
463,132.0,360.0,1.0,4.882801922586371,5191.0,0.025428626468888462,0,0,1,0,0,0,1,1,0,1
464,98.0,360.0,0.0,4.584967478670572,4166.0,0.023523763802208355,1,0,0,0,0,0,0,1,0,0
465,140.0,360.0,1.0,4.941642422609304,6000.0,0.023333333333333334,1,0,0,0,0,0,0,0,0,1
466,70.0,180.0,0.0,4.248495242049359,4611.0,0.015181088700932552,1,1,0,0,1,0,1,0,1,0
467,110.0,360.0,1.0,4.700480365792417,16692.0,0.006589983225497244,1,1,0,0,0,0,0,1,0,1
468,98.0,360.0,1.0,4.584967478670572,3127.0,0.03133994243684042,0,1,0,1,0,0,1,1,0,1
469,110.0,360.0,1.0,4.700480365792417,6784.0,0.016214622641509434,1,1,0,0,0,0,0,0,1,0
470,162.0,360.0,1.0,5.087596335232384,5529.0,0.02930005425935974,1,1,1,0,0,1,0,1,0,1
471,113.0,180.0,0.0,4.727387818712341,4153.0,0.027209246327955693,1,1,1,0,0,0,1,0,0,0
472,100.0,360.0,1.0,4.605170185988092,4691.0,0.021317416329140908,1,1,0,0,1,0,0,1,0,1
473,93.0,360.0,1.0,4.532599493153256,2500.0,0.0372,0,0,0,0,0,1,0,0,1,1
474,162.0,360.0,1.0,5.087596335232384,10180.0,0.015913555992141455,1,0,0,1,0,0,0,0,0,1
475,150.0,360.0,1.0,5.0106352940962555,17539.0,0.008552369006214722,1,1,0,1,0,1,0,0,0,1
476,230.0,300.0,1.0,5.438079308923196,8450.0,0.027218934911242602,1,1,0,1,0,0,0,1,0,1
477,132.0,360.0,0.0,4.882801922586371,4745.0,0.027818756585879872,1,1,0,1,0,0,0,1,0,0
478,86.0,360.0,1.0,4.454347296253507,18917.0,0.004546175397790347,1,1,1,0,0,1,0,1,0,1
479,130.0,360.0,1.0,4.867534450455582,4550.0,0.02857142857142857,1,1,0,1,0,0,0,0,1,0
480,154.0,360.0,1.0,5.0369526024136295,4350.0,0.035402298850574714,0,0,0,0,0,0,1,0,0,1
481,113.0,360.0,1.0,4.727387818712341,3095.0,0.03651050080775444,1,1,0,0,1,0,1,0,0,1
482,128.0,360.0,1.0,4.852030263919617,5233.0,0.024460156697878845,1,1,0,0,0,0,0,1,0,1
483,234.0,360.0,1.0,5.455321115357702,10833.0,0.02160066463583495,1,1,0,0,0,0,0,1,0,1
484,246.0,360.0,1.0,5.5053315359323625,8333.0,0.029521180847233888,1,1,0,1,0,0,0,1,0,1
485,131.0,360.0,1.0,4.875197323201151,4394.0,0.029813381884387802,1,1,1,0,0,0,1,0,0,1
486,80.0,360.0,0.0,4.382026634673881,3547.0,0.02255427121511136,1,0,0,1,0,0,0,0,0,0
487,500.0,360.0,1.0,6.214608098422191,18333.0,0.02727322314951181,1,1,1,0,0,0,0,0,1,0
488,160.0,360.0,1.0,5.075173815233827,6666.0,0.024002400240024,1,1,0,1,0,1,0,1,0,1
489,75.0,360.0,1.0,4.31748811353631,2435.0,0.030800821355236138,1,0,0,0,0,0,0,0,1,0
490,96.0,360.0,1.0,4.564348191467836,5484.0,0.0175054704595186,1,0,0,0,0,0,1,1,0,1
491,186.0,360.0,1.0,5.225746673713202,6464.0,0.028774752475247526,1,1,1,0,0,0,1,0,1,1
492,110.0,360.0,1.0,4.700480365792417,3691.0,0.029802221620157138,1,0,0,0,0,0,1,0,0,1
493,225.0,360.0,1.0,5.41610040220442,17263.0,0.013033655795632277,0,0,0,0,0,1,1,1,0,1
494,119.0,360.0,0.0,4.77912349311153,5754.0,0.02068126520681265,1,1,0,0,0,0,0,0,0,0
495,105.0,84.0,1.0,4.653960350157523,4239.0,0.024769992922859165,0,1,1,0,0,0,0,1,0,1
496,107.0,360.0,1.0,4.672828834461906,4300.0,0.02488372093023256,1,1,0,0,0,0,1,0,0,1
497,111.0,12.0,1.0,4.709530201312334,7482.0,0.01483560545308741,1,1,0,0,0,0,0,0,1,1
498,95.0,360.0,1.0,4.553876891600541,2895.0,0.03281519861830743,1,1,1,0,0,1,0,1,0,1
499,209.0,360.0,0.0,5.342334251964811,10699.0,0.019534535937938125,1,0,0,0,0,0,0,0,0,0
500,113.0,480.0,1.0,4.727387818712341,4328.0,0.0261090573012939,0,0,0,0,0,0,0,0,0,1
501,100.0,360.0,1.0,4.605170185988092,3159.0,0.03165558721114277,0,0,0,0,0,0,0,1,0,1
502,208.0,360.0,1.0,5.337538079701318,10489.0,0.01983029840785585,1,1,0,1,0,0,0,1,0,1
503,138.0,360.0,1.0,4.927253685157205,9352.0,0.014756201881950384,1,1,1,0,0,0,1,0,0,0
504,124.0,300.0,1.0,4.820281565605037,5297.0,0.0234094770624882,1,1,0,0,0,0,1,1,0,1
505,243.0,360.0,1.0,5.493061443340548,7926.0,0.030658591975775928,1,1,0,1,0,0,0,0,0,1
506,480.0,360.0,1.0,6.173786103901937,27500.0,0.017454545454545455,1,1,0,0,0,0,0,0,1,1
507,96.0,360.0,1.0,4.564348191467836,3583.0,0.026793190064192018,1,0,0,0,0,0,0,0,1,0
508,188.0,360.0,1.0,5.236441962829949,5492.0,0.03423160961398398,1,1,0,0,0,1,0,0,1,1
509,40.0,360.0,1.0,3.6888794541139363,13262.0,0.003016136329362087,0,0,1,0,0,0,0,0,1,1
510,100.0,360.0,1.0,4.605170185988092,4885.0,0.02047082906857728,1,0,0,0,0,0,1,0,0,0
511,250.0,360.0,1.0,5.521460917862246,8069.0,0.030982773577890692,1,1,1,0,0,0,0,1,0,1
512,148.0,360.0,1.0,4.997212273764115,5318.0,0.027830011282437006,1,1,0,1,0,0,0,0,1,1
513,70.0,180.0,1.0,4.248495242049359,8796.0,0.007958162801273306,1,1,0,0,0,0,0,1,0,0
514,311.0,360.0,1.0,5.739792912179234,9481.0,0.03280244699926168,1,0,0,0,0,0,0,0,0,0
515,150.0,360.0,1.0,5.0106352940962555,6894.0,0.02175805047867711,1,1,0,0,1,0,0,0,0,1
516,113.0,480.0,1.0,4.727387818712341,3663.0,0.03084903084903085,0,1,0,1,0,0,0,1,0,1
517,123.0,360.0,0.0,4.812184355372417,4874.0,0.025235945835043086,1,1,0,0,0,0,1,1,0,0
518,185.0,360.0,1.0,5.220355825078324,6598.0,0.02803879963625341,1,0,0,0,0,0,0,1,0,0
519,95.0,360.0,1.0,4.553876891600541,3400.0,0.027941176470588237,0,0,0,0,0,0,1,0,0,0
520,45.0,360.0,1.0,3.8066624897703196,3934.0,0.011438739196746314,1,1,0,1,0,0,1,1,0,1
521,55.0,360.0,1.0,4.007333185232471,2500.0,0.022,1,0,0,0,0,0,0,1,0,1
522,100.0,360.0,1.0,4.605170185988092,7101.0,0.01408252358822701,1,1,0,0,1,1,0,0,0,1
523,480.0,360.0,1.0,6.173786103901937,15114.0,0.031758634378721715,1,1,0,1,0,1,0,0,0,1
524,130.0,360.0,1.0,4.867534450455582,6767.0,0.01921087631151175,1,0,0,0,0,0,0,1,0,0
525,400.0,360.0,1.0,5.991464547107982,17500.0,0.022857142857142857,1,1,0,1,0,1,0,0,0,1
526,110.0,360.0,1.0,4.700480365792417,3775.0,0.02913907284768212,1,1,0,0,0,0,0,1,0,1
527,161.0,360.0,0.0,5.081404364984463,6715.0,0.023976172747580043,1,1,1,0,0,0,1,1,0,1
528,94.0,360.0,1.0,4.543294782270004,3981.0,0.02361215774930922,1,0,1,0,0,0,1,1,0,1
529,130.0,360.0,1.0,4.867534450455582,6783.0,0.019165560961226596,1,0,0,0,0,0,1,1,0,1
530,216.0,360.0,1.0,5.375278407684165,6525.0,0.03310344827586207,1,1,0,0,0,0,0,0,0,1
531,100.0,360.0,1.0,4.605170185988092,4281.0,0.023359028264424198,1,1,0,0,1,0,0,0,1,1
532,110.0,360.0,0.0,4.700480365792417,3588.0,0.030657748049052396,1,0,0,1,0,0,0,0,0,0
533,196.0,360.0,1.0,5.278114659230517,11250.0,0.01742222222222222,1,0,1,0,0,0,0,1,0,0
534,125.0,360.0,1.0,4.8283137373023015,18165.0,0.006881365262868153,0,0,0,0,0,1,1,0,1,1
535,126.0,360.0,1.0,4.836281906951478,4592.0,0.027439024390243903,1,0,0,0,0,0,1,0,0,1
536,324.0,360.0,1.0,5.780743515792329,10039.0,0.03227413088953083,1,1,0,0,0,0,0,0,1,1
537,107.0,360.0,1.0,4.672828834461906,3617.0,0.029582526956040918,1,0,0,1,0,0,0,1,0,1
538,66.0,360.0,1.0,4.189654742026425,3453.0,0.019113814074717638,1,1,0,0,0,0,1,0,0,0
539,157.0,180.0,1.0,5.056245805348308,6417.0,0.02446626149290946,1,1,0,0,1,0,0,0,0,1
540,140.0,180.0,1.0,4.941642422609304,7453.0,0.018784382128002146,0,1,1,0,0,0,0,1,0,1
541,99.0,360.0,0.0,4.59511985013459,2138.0,0.04630495790458372,0,0,0,0,0,0,0,1,0,0
542,95.0,360.0,1.0,4.553876891600541,3652.0,0.026013143483023003,0,0,1,0,0,0,0,1,0,1
543,128.0,360.0,1.0,4.852030263919617,4763.0,0.026873819021625025,1,1,1,0,0,0,1,0,1,1
544,102.0,360.0,1.0,4.624972813284271,3680.0,0.027717391304347826,0,1,0,0,0,0,1,1,0,1
545,155.0,360.0,1.0,5.043425116919247,4718.0,0.03285290377278508,1,1,0,0,0,0,0,0,0,1
546,80.0,36.0,1.0,4.382026634673881,3358.0,0.023823704586063133,1,0,0,0,0,0,1,1,0,0
547,145.0,360.0,1.0,4.976733742420574,4309.0,0.03365049895567417,1,0,0,0,0,0,0,0,0,1
548,103.0,360.0,0.0,4.634728988229636,5000.0,0.0206,0,0,0,0,0,0,0,1,0,0
549,110.0,360.0,1.0,4.700480365792417,4801.0,0.022911893355550928,1,1,0,0,0,0,0,0,0,1
550,157.5,360.0,0.0,5.059425458265688,6633.0,0.023744911804613297,1,1,0,1,0,1,0,0,0,0
551,113.0,360.0,1.0,4.727387818712341,4867.0,0.023217587836449557,1,1,1,0,0,0,1,0,0,1
552,158.0,360.0,1.0,5.062595033026967,6583.0,0.024001215251405136,1,1,1,0,0,0,0,0,1,1
553,181.0,360.0,0.0,5.198497031265826,4787.0,0.03781073741382912,1,1,0,0,0,0,1,0,1,0
554,132.0,180.0,0.0,4.882801922586371,7859.0,0.01679603002926581,1,1,0,0,0,0,0,0,0,0
555,26.0,360.0,1.0,3.258096538021482,6500.0,0.004,1,1,1,0,0,0,0,1,0,1
556,84.0,360.0,1.0,4.430816798843313,4292.0,0.0195712954333644,0,0,0,0,0,0,0,0,1,1
557,260.0,360.0,1.0,5.560681631015528,10139.0,0.025643554591182564,1,1,0,0,1,1,0,1,0,1
558,162.0,360.0,1.0,5.087596335232384,6556.0,0.02471018913971934,1,1,0,0,0,0,0,1,0,1
559,182.0,360.0,1.0,5.204006687076795,6486.0,0.028060437866173297,0,1,0,0,0,0,0,1,0,1
560,108.0,360.0,1.0,4.68213122712422,3917.0,0.027572121521572634,1,1,0,1,0,0,1,1,0,1
561,600.0,360.0,1.0,6.396929655216146,19484.0,0.03079449804968179,0,1,1,0,0,1,0,1,0,1
562,211.0,360.0,1.0,5.351858133476067,7977.0,0.02645104675943337,1,1,0,0,0,0,0,0,0,1
563,132.0,360.0,1.0,4.882801922586371,5800.0,0.022758620689655173,1,0,0,0,0,1,1,1,0,1
564,258.0,360.0,0.0,5.552959584921617,8799.0,0.029321513808387316,1,1,0,1,0,0,0,0,1,0
565,120.0,360.0,1.0,4.787491742782046,4467.0,0.026863666890530557,1,1,0,0,0,0,1,0,0,1
566,70.0,360.0,1.0,4.248495242049359,3333.0,0.021002100210021003,1,0,0,0,0,0,0,0,1,1
567,123.0,360.0,0.0,4.812184355372417,5900.0,0.020847457627118645,1,1,0,0,1,0,0,0,0,0
568,9.0,360.0,1.0,2.1972245773362196,2378.0,0.0037846930193439865,0,0,0,0,0,0,0,0,1,0
569,104.0,360.0,0.0,4.6443908991413725,5230.0,0.01988527724665392,1,1,0,0,0,0,0,0,1,0
570,186.0,360.0,1.0,5.225746673713202,5167.0,0.035997677569189084,1,1,1,0,0,0,0,0,1,1
571,165.0,360.0,0.0,5.10594547390058,6567.0,0.02512562814070352,1,1,0,0,0,0,0,0,1,0
572,275.0,360.0,1.0,5.616771097666572,16666.0,0.016500660026401055,1,1,0,1,0,0,0,0,1,1
573,187.0,480.0,1.0,5.231108616854587,7750.0,0.024129032258064516,1,1,0,1,0,0,1,1,0,0
574,150.0,360.0,1.0,5.0106352940962555,6406.0,0.023415547923821417,1,1,0,0,1,0,0,1,0,0
575,108.0,84.0,1.0,4.68213122712422,3620.0,0.02983425414364641,1,1,0,1,0,0,0,0,1,1
576,136.0,360.0,0.0,4.912654885736052,5297.0,0.02567491032659996,1,1,0,0,0,0,0,1,0,0
577,110.0,360.0,1.0,4.700480365792417,5968.0,0.018431635388739945,1,0,0,0,0,0,0,0,1,1
578,107.0,360.0,1.0,4.672828834461906,4014.0,0.02665670154459392,1,1,1,0,0,0,0,0,0,1
579,161.0,360.0,1.0,5.081404364984463,6099.0,0.026397770126250206,1,0,0,0,0,0,0,0,1,1
580,205.0,360.0,1.0,5.3230099791384085,6540.0,0.03134556574923547,1,1,0,1,0,0,0,1,0,1
581,90.0,360.0,1.0,4.499809670330265,35673.0,0.0025229164914641325,1,0,0,0,0,0,0,0,1,0
582,36.0,360.0,1.0,3.58351893845611,3166.0,0.011370814908401769,0,1,0,0,0,0,0,1,0,1
583,61.0,360.0,1.0,4.110873864173311,1880.0,0.032446808510638296,1,1,1,0,0,0,0,0,0,0
584,146.0,360.0,0.0,4.983606621708336,4704.0,0.031037414965986394,1,1,1,0,0,0,0,0,0,0
585,172.0,84.0,1.0,5.147494476813453,7283.0,0.02361664149388988,1,1,1,0,0,0,0,0,0,0
586,104.0,360.0,1.0,4.6443908991413725,3819.0,0.027232259753862266,1,1,0,0,0,0,0,0,1,1
587,70.0,360.0,1.0,4.248495242049359,2165.0,0.03233256351039261,0,0,0,0,0,0,1,1,0,1
588,94.0,360.0,1.0,4.543294782270004,4750.0,0.019789473684210527,1,0,0,0,0,0,0,1,0,1
589,106.0,360.0,0.0,4.663439094112067,2726.0,0.03888481291269259,1,1,0,1,0,1,0,1,0,0
590,56.0,180.0,1.0,4.02535169073515,6416.0,0.008728179551122194,1,1,0,0,0,0,0,1,0,1
591,205.0,240.0,1.0,5.3230099791384085,6000.0,0.034166666666666665,1,1,0,1,0,1,0,1,0,0
592,292.0,360.0,1.0,5.676753802268282,9357.0,0.031206583306615368,1,0,0,0,1,1,0,1,0,1
593,142.0,180.0,1.0,4.955827057601261,7159.0,0.019835172510127112,1,1,0,0,0,0,0,0,0,1
594,260.0,360.0,1.0,5.560681631015528,16120.0,0.016129032258064516,1,1,0,0,0,1,0,0,1,1
595,110.0,360.0,1.0,4.700480365792417,3833.0,0.02869814766501435,1,0,0,0,0,0,1,0,0,1
596,187.0,360.0,1.0,5.231108616854587,7383.0,0.025328457266693756,1,1,0,1,0,1,1,0,0,0
597,88.0,360.0,0.0,4.477336814478207,2987.0,0.02946099765651155,1,0,0,0,0,0,0,1,0,0
598,180.0,360.0,1.0,5.19295685089021,9963.0,0.018066847335140017,1,1,0,0,0,1,0,0,0,1
599,192.0,360.0,1.0,5.2574953720277815,5780.0,0.03321799307958478,1,1,0,1,0,0,0,0,1,1
600,350.0,180.0,1.0,5.857933154483459,42083.0,0.00831689755958463,0,0,0,0,1,0,0,0,1,0
601,155.0,360.0,1.0,5.043425116919247,5686.0,0.027259936686598662,1,1,0,0,0,0,1,0,0,1
602,128.0,360.0,1.0,4.852030263919617,5703.0,0.02244432754690514,1,1,0,0,1,0,0,0,1,1
603,172.0,360.0,1.0,5.147494476813453,7977.0,0.021561990723329573,1,0,0,0,0,0,0,0,0,1
604,496.0,360.0,1.0,6.206575926724928,12000.0,0.04133333333333333,0,1,1,0,0,0,0,1,0,1
605,113.0,180.0,1.0,4.727387818712341,6200.0,0.018225806451612904,1,1,0,0,0,0,1,0,1,0
606,173.0,360.0,1.0,5.153291594497779,5900.0,0.029322033898305084,1,1,1,0,0,0,0,1,0,1
607,157.0,360.0,1.0,5.056245805348308,5398.0,0.029084846239347907,1,1,0,1,0,0,1,0,0,1
608,108.0,360.0,1.0,4.68213122712422,5182.0,0.020841373986877652,1,1,0,0,0,0,0,0,0,1
609,71.0,360.0,1.0,4.2626798770413155,2900.0,0.024482758620689656,0,0,0,0,0,0,0,0,0,1
610,40.0,180.0,1.0,3.6888794541139363,4106.0,0.00974184120798831,1,1,0,0,1,0,0,0,0,1
611,253.0,360.0,1.0,5.53338948872752,8312.0,0.030437921077959576,1,1,1,0,0,0,0,0,1,1
612,187.0,360.0,1.0,5.231108616854587,7583.0,0.024660424634049848,1,1,0,1,0,0,0,0,1,1
613,133.0,360.0,0.0,4.890349128221754,4583.0,0.02902029238490072,0,0,0,0,0,1,0,1,0,0
